sparsity_lambda,n_seeds,accuracy,accuracy_spread,accuracy_min,accuracy_max,mean_density,energy_uj,synops_m
0.0,3,88.05,0.62,87.27,88.5,36.87,102.86,114.29
0.01,1,87.29,0.0,87.29,87.29,37.41,105.63,117.36
0.05,3,87.19,1.05,86.36,88.45,34.88,89.89,99.88
0.1,1,88.24,0.0,88.24,88.24,33.48,82.22,91.35
0.5,1,88.44,0.0,88.44,88.44,25.58,41.9,46.55
1.0,3,89.13,0.88,88.52,90.28,21.21,30.3,33.67
2.0,1,88.67,0.0,88.67,88.67,16.45,21.0,23.33
5.0,1,87.27,0.0,87.27,87.27,9.07,6.72,7.47
10.0,1,86.21,0.0,86.21,86.21,5.82,2.87,3.18
